block_index,run_index,model,iterations,numpy_native_seconds,python_reference_seconds,dsl_full_w1_seconds,dsl_full_w2_seconds,ratio_dsl_w1_vs_numpy_native,ratio_dsl_w2_vs_numpy_native,ratio_python_reference_vs_numpy_native,ratio_dsl_w1_vs_python_reference,ratio_dsl_w2_vs_python_reference,ratio_dsl_w2_vs_dsl_w1
25,26,discrete_mean,10000,0.5989755999980844,0.7632614999965881,1.6786757999980182,1.879322200002207,2.802577934732879,3.1375605283557753,1.2742781175043343,2.199345571610152,2.462225855765826,1.1195265935235532
26,29,normal_mean,10000,0.6433275000017602,0.758288300003187,1.6399225999994087,1.6484118999978818,2.549125600871907,2.5623215236304553,1.1786971643542554,2.162663725646982,2.1738590717949275,1.0051766467505698
27,20,uniform_mean,10000,0.6361017000017455,0.7804771000010078,1.6190998000020045,1.6609467000016593,2.545347387057072,2.611133880002367,1.2269690522739778,2.074500071814937,2.128117147831134,1.025845781711296
28,21,normal_mean,100000,0.6594901999997091,1.0944350999998278,1.738083899999765,1.9332269000005908,2.635496175683174,2.9313959479632046,1.6595168510469307,1.5881105238675537,1.7664152949781078,1.112274787195746
29,13,normal_mean,100000,0.662065900000016,1.1063677000020107,1.6642118000017945,1.941501099998277,2.51366487837805,2.9324891978249146,1.671083951011499,1.5042122072063113,1.7548425356188078,1.1666189964499611
30,12,normal_mean,10000,0.6690109000010125,0.7876843000012741,1.635693700001866,1.6234407000010833,2.444943273718546,2.4266281760112225,1.1773863475170314,2.0765853781765364,2.061029653629579,0.9925089886934401
31,18,uniform_mean,10000,0.6479246999988391,0.7693175000022165,1.692645300001459,1.6977984000004653,2.6124105162289566,2.6203637552380816,1.1873563394073339,2.200190818480773,2.2068890932489817,1.003044406290557
32,25,normal_mean,100000,0.6509112999992794,1.0877323999993678,1.7077142000016465,1.9256286999989243,2.6235743641315445,2.9583580742891633,1.671091591128579,1.5699764022866645,1.7703147391766978,1.1276059542030321
33,7,linear_combination,100000,0.6624708000017563,1.0798125999972399,1.7241686999986996,1.8842495999997482,2.6026335047433466,2.8442757024079444,1.629977653346196,1.5967295621509758,1.7449783416164661,1.0928452650840774
34,14,normal_mean,10000,0.6500497000015457,0.7811849000026996,1.6293891000022995,1.7059389999994892,2.5065608060405613,2.6243208788426986,1.2017310368743221,2.085791852859251,2.183783890335814,1.0469807365208725
35,26,normal_mean,100000,0.6609514999981911,1.0878917000009096,1.7082493999987491,1.9861524999978428,2.5845306350063875,3.0049897761080477,1.645947849432049,1.5702384713453745,1.8256895424389965,1.1626829782579156
36,23,linear_combination,1000000,0.7646607999995467,4.148934400000144,2.8738749000003736,3.0929075999993074,3.7583656701142223,4.044809934027141,5.425849474698589,0.6926778355426092,0.7454703549902356,1.076215112912154
37,3,discrete_mean,1000000,0.7608268000003591,4.210616800002754,2.5622415999969235,2.830574700001307,3.367706815790025,3.7203929987744533,5.534264565865406,0.6085193029190517,0.672247044660881,1.1047259165586516
38,12,discrete_mean,1000000,0.7641970999975456,4.240596600000572,2.5040436000017507,2.8495113999997557,3.2766986422871707,3.7287650005592896,5.549087532541266,0.5904932339004877,0.671960025624548,1.1379639715529568
39,15,linear_combination,1000000,0.7441986999983783,4.210263900000427,2.8501434000027075,3.128312899996672,3.829815074937538,4.203598985060696,5.657445921377721,0.6769512476408944,0.7430206215805985,1.0975984225894388
40,16,discrete_mean,100000,0.6416939999980968,1.0891999000014039,1.7158678000014334,1.918794599998364,2.6739657843248064,2.99020187192658,1.697382085549552,1.5753470047134799,1.7616551378639411,1.1182648220316047
41,10,normal_mean,10000,0.598370600000635,0.7704822999985481,1.672547800000757,1.6800741999977618,2.795170417796232,2.8077485758758516,1.2876339512631978,2.170780302161268,2.1805487290245704,1.0044999610755527
42,18,discrete_mean,100000,0.842255200001091,1.1277608999989752,1.9439036999974633,1.891634299998259,2.3079747088470874,2.2459158459286552,1.3389776637740134,1.723684249027635,1.6773363041758034,0.9731111165644304
43,15,discrete_mean,100000,0.6636668999999529,1.116529700000683,1.702474899997469,1.9532185999996727,2.565255100107584,2.9430706880210713,1.682364601882002,1.5247914139645613,1.7493655565082395,1.1472818776961566
44,15,uniform_mean,1000000,0.7074130000000878,4.648897899998701,2.965344299998833,3.181780599999911,4.191814823870165,4.497769478366267,6.571688532721514,0.6378596312041315,0.6844161064498319,1.0729885902291896
45,21,uniform_mean,100000,0.6290642999992997,1.0810915000001842,1.703099900001689,1.9444791999994777,2.7073542402638093,3.091065889451432,1.7185707407039117,1.5753522250442251,1.798625925741851,1.1417293841644576
46,19,normal_mean,1000000,0.7423651999997674,4.179200599999604,2.9455589999997756,3.1974617000014405,3.967803178274923,4.30712767786319,5.629575039348441,0.7048139780607935,0.7650893091855279,1.085519488831045
47,28,linear_combination,100000,0.7555826000025263,1.0935991000005743,2.135514699999476,2.246510799999669,2.82631534923162,2.973216693968545,1.4473587665953633,1.9527399940237282,2.054236145584327,1.0519762753214579
48,18,linear_combination,100000,0.8126148999981524,1.3514740999999049,2.0938079000006837,3.15535219999947,2.5766299633509604,3.88296128954397,1.663117548057484,1.5492771189627912,2.334748553449668,1.506992212608635
49,28,linear_combination,1000000,1.085658699998021,5.8960903999977745,4.272201800002222,3.8954829999966023,3.9351241785378863,3.588128571164864,5.4308876261098655,0.7245821400573903,0.6606891576828728,0.9118209256862765
50,19,uniform_mean,100000,0.917914000001474,1.5704839999998512,2.763852500000212,2.4339443999997457,3.0110146484265123,2.6516039628939496,1.7109271674659383,1.759873070977147,1.5498052829573408,0.8806346937832461
51,7,normal_mean,10000,1.0070091999987199,1.5805403999984264,2.652731500002119,2.692404700002953,2.634267392994514,2.673664451135477,1.5695391859383565,1.6783699423341283,1.7034709773983845,1.0149556033095708
52,5,normal_mean,1000000,1.1413537000007636,5.832095400000981,4.330524599998171,3.773511999999755,3.7942003429745514,3.306172310999851,5.109805487989463,0.7425332239931196,0.6470250812425189,0.8713752601708692
53,20,linear_combination,10000,0.7780811999982689,0.9669254000000365,2.2110796999986633,2.5310521999999764,2.8417081661959993,3.2529409526995483,1.242705003028203,2.2867117773497108,2.6176292400632777,1.144713236705808
54,24,uniform_mean,1000000,0.9536913999982062,6.058080099999643,3.9789687000011327,4.280167799999617,4.172176345522899,4.488000835498431,6.352243608373775,0.6568035803952753,0.7065221537760569,1.075697780683321
55,13,linear_combination,10000,0.8053996000016923,0.9635183999998844,2.078860599998734,2.0879776000001584,2.5811542493867217,2.5924740960832002,1.1963234151070596,2.157572289225596,2.167034485278547,1.0043855754452367
56,12,uniform_mean,1000000,1.0552193000003172,5.533952499998122,4.253546699997969,3.9186499000024924,4.0309599151538364,3.713588161248865,5.244362475171236,0.7686272514987095,0.7081105051053153,0.9212664574728575
57,24,linear_combination,1000000,1.251071899998351,5.699752900000021,3.8565846999990754,4.2964661000005435,3.0826243479724535,3.4342279608439825,4.555895548455315,0.6766231392239935,0.7537986602893834,1.1140598312288004
58,26,uniform_mean,10000,1.1453001000008953,1.585915700001351,3.164711699999316,3.0570106000013766,2.76321612125664,2.669178672034506,1.3847162852776416,1.9955106693228524,1.9275996826305284,0.9659681164644595
59,29,normal_mean,1000000,1.278786200000468,6.205885800001852,4.977869399997871,4.4922111999985646,3.8926517974592234,3.5128711898806233,4.852950242972266,0.802120690006314,0.7238630140434141,0.9024365323848161
60,3,linear_combination,100000,1.2237865000024613,1.9922306000007666,3.0353882999988855,2.7135011999998824,2.480325040350405,2.21729950444332,1.6279233346639792,1.5236129291447071,1.362041723482632,0.8939552148899298
61,8,discrete_mean,10000,1.0425458999998227,1.3904455000010785,2.111352199997782,3.0779726000000664,2.0251887231038377,2.9523617137630005,1.33370195019837,1.5184717416080993,2.213659291211111,1.457820537948761
62,23,normal_mean,10000,1.0836869999984629,1.295809700000973,2.0926540000000386,3.2626146000002336,1.9310502017676754,3.0106613810121017,1.1957416671075791,1.6149392923964587,2.5178192445987895,1.5590798096580578
63,5,linear_combination,100000,1.0536807999997109,2.016270899999654,3.079721399997652,2.431843400001526,2.922821977963817,2.3079507570055307,1.9135500048973153,1.5274343343437535,1.2061094568204815,0.7896309711662165
64,15,normal_mean,100000,0.7811024999973597,1.973888699998497,2.4574635999997554,2.9310598999982176,3.14614740063956,3.752465137428347,2.5270546439233894,1.244985900168346,1.4849165001048181,1.1927175238723817
65,23,discrete_mean,100000,1.1094861999990826,1.888629299999593,1.9474860000009357,2.5004382000006444,1.755304392251608,2.2536902216563957,1.7022557829030724,1.0311637122231214,1.3239433487562557,1.2839312837162593
66,6,discrete_mean,100000,1.0502383999992162,1.7956338000003598,2.6341510000020207,2.8809809000013047,2.508145769573829,2.7431685034592665,1.709739236350242,1.4669756160757794,1.604436773244482,1.0937037778013086
67,25,normal_mean,1000000,1.3195315999982995,7.15074309999909,5.451173499997822,4.21605179999824,4.131142823714754,3.1951124171665715,5.4191525993074405,0.7623226598643315,0.5895963176189026,0.7734209523875777
68,30,discrete_mean,100000,0.8949511999999231,1.5161044999986188,3.073340900002222,2.6121639999983017,3.4340876910411273,2.9187781411975604,1.6940638774480095,2.0271299900534703,1.7229445595608228,0.8499428097925659
69,24,uniform_mean,10000,0.8910958000014944,1.2582751000009011,2.4501454000019294,2.56004170000233,2.7495869692100676,2.872914113160489,1.4120536759333744,1.9472255312055167,2.0345643810328093,1.0448529707666794
70,10,discrete_mean,1000000,1.146772799998871,6.637241299999005,3.5612493000007817,3.8937637000017276,3.1054532336346723,3.3954098841597578,5.7877561274609395,0.536555646997694,0.5866539310545047,1.093370155243238
71,17,linear_combination,10000,1.022390300000552,1.1724751999972796,2.5640515999984927,2.660979000000225,2.507898989257926,2.6027036837094286,1.146798047669903,2.186870647672925,2.269539688350252,1.0378024373619428
72,24,uniform_mean,100000,0.9797894000002998,1.6665095000025758,2.790412999998807,2.5937718999994104,2.8479722274990458,2.647274914383251,1.7008854147657302,1.674405696453872,1.556409909451702,0.9295297506141632
73,14,normal_mean,100000,0.9609993000012764,1.824486600002274,2.720444200000202,2.5393629999998666,2.830849304465246,2.64241919842865,1.8985306232791748,1.4910738176957898,1.391823321693183,0.9334368997532382
74,5,uniform_mean,10000,0.9011447000011685,1.0655659000003652,2.3617252000003646,2.428133000001253,2.6208057374107643,2.694498452910065,1.1824581557201452,2.216404635320589,2.2787262617923685,1.028118343319908
75,9,discrete_mean,100000,1.0022291999994195,1.68622360000154,2.4617495000020426,2.4633195999995223,2.4562739740604926,2.457840581776054,1.6824730311215406,1.45991877945475,1.4608499133787907,1.0006377984427248
76,10,discrete_mean,10000,0.8988199000013992,1.2217383999995945,2.7016868999999133,2.4789598999996088,3.0058156255727178,2.7580162610949643,1.3592694153719702,2.211346471553002,2.0290431241257796,0.9175600251826695
77,20,discrete_mean,100000,0.884844800002611,1.6580214000023261,2.555670400000963,2.6238144999988435,2.8882696716909244,2.9652821602060624,1.8737991114344952,1.541397716577951,1.5824973670395102,1.0266638843560791
78,4,discrete_mean,1000000,1.1883607000017946,5.921547000001738,3.7132471000004443,3.8488704999981564,3.124680158132827,3.238806618219825,4.982954249490744,0.6270738204052682,0.6499771934592475,1.0365242054582622
79,10,uniform_mean,100000,0.984267899999395,1.5396618000013405,2.6600453999999445,2.5907212999991316,2.7025623816458704,2.632130236087882,1.564271068885094,1.7276816246253746,1.6826560871984197,0.9739387530751112
80,21,linear_combination,1000000,1.0083365999998932,5.981751800001803,4.1292453999994905,4.293376199999329,4.095106138168473,4.257879957942402,5.932296616033214,0.6903070434982351,0.7177456276266821,1.0397483763013597
81,2,linear_combination,1000000,0.9247226000006776,5.399121499998728,3.902971499999694,4.250768800000515,4.220694400674142,4.596804274057322,5.838639068618818,0.7228901035104718,0.787307490672606,1.08911089922149
82,1,normal_mean,1000000,1.1074922000007064,5.595711599999049,4.691230299999006,4.230131199998141,4.235903693042727,3.8195584582857043,5.052596848985013,0.8383617018432121,0.755959474394438,0.9017104105929391
83,11,linear_combination,10000,1.0131125999978394,1.29342589999942,2.694364900002256,2.5189844000015,2.65949204462367,2.4863814742871346,1.276685237161376,2.083122736295496,1.947528961653412,0.9349084082855261
84,15,uniform_mean,10000,1.0502220000016678,1.6875722000004316,2.3589133999994374,2.5979688999977952,2.246109298791771,2.47373307738142,1.606871880419332,1.3978148016415737,1.5394712593613067,1.101341363357559
85,20,uniform_mean,100000,0.7204601999983424,1.537674600000173,2.305972099999053,2.9593578000021807,3.200693251347345,4.107593729686927,2.1342949964532543,1.4996489504338522,1.9245670052700667,1.2833450153206085
86,18,normal_mean,100000,1.0094217999976536,1.7653997999987041,3.2996574999997392,2.675061199999618,3.2688589646146036,2.650092557943405,1.7489218085074127,1.8690709605847702,1.515272178008393,0.8107087478018036
87,15,normal_mean,10000,0.8649188000017602,1.2065743999992264,2.708362400000624,2.5676628000001074,3.1313487462581597,2.968674978500735,1.395014653394944,2.2446708632326033,2.1280600682409254,0.9480499360054312
88,25,uniform_mean,1000000,1.0148545000010927,5.251638700003241,4.219690499998251,4.090245100000175,4.15792657961679,4.030375881464556,5.174770077875781,0.8034997723654612,0.7788511993404365,0.9693234847441703
89,8,discrete_mean,1000000,1.183005700000649,5.714878200000385,3.747501799996826,4.017063800001779,3.1677800030843213,3.395641965207416,4.830812057792493,0.6557448240973138,0.7029132834364709,1.071931119554147
90,30,linear_combination,10000,1.0868690999996033,1.2216365999993286,2.57313620000059,2.749764000000141,2.36747571533824,2.5299863617441556,1.1239960727559322,2.1063024798061916,2.250885410605455,1.0686430045947473
91,22,uniform_mean,1000000,1.2146590000011201,6.109250800000154,4.626043599997502,4.515273300003173,3.8085121832491553,3.7173176175362874,5.0296015589515415,0.7572194613449794,0.7390878927417841,0.9760550678782214
92,4,discrete_mean,100000,1.0682067000016104,1.786308499998995,2.9274494999990566,2.84364640000058,2.740527184480909,2.662075045959076,1.6722498557594725,1.63882638413281,1.5919122592778232,0.9713733405141562
93,7,uniform_mean,1000000,1.2374525000013818,6.242380499999854,4.667481899999984,6.16923830000087,3.771847323428392,4.985434430811672,5.044541507648078,0.747708650570098,0.988282963526657,1.3217487356514208
94,20,uniform_mean,1000000,1.1290509000027669,5.519436099999439,8.388156200002413,4.553688799998781,7.429387107332236,4.0332006289420805,4.888562685691064,1.5197487656398931,0.8250279045714913,0.5428712450535281
95,7,discrete_mean,10000,0.9097331000011764,1.0445365000014135,2.2716567999996187,2.4979905000000144,2.497058532878139,2.745849854200957,1.1481790648268848,2.174798870117554,2.391482250736699,1.0996337562964766
96,20,normal_mean,100000,0.9016536000017368,1.5284656000003451,2.415868500000215,2.498220699999365,2.679375427542863,2.770710059821813,1.6951804994705295,1.5805841492276107,1.634463150494719,1.0340880308672191
97,21,discrete_mean,1000000,1.4481936000011046,5.585437099998671,3.9191456000007747,4.284999799998332,2.706230437696856,2.9588584012490204,3.8568303989151804,0.7016721395003638,0.7671735843197215,1.093350499659284
98,24,discrete_mean,10000,0.9343047000002116,1.307145800001308,2.9615310999979556,4.610834399998566,3.169770097482422,4.935043567689986,1.3990572882711734,2.265647106845305,3.5274063535941838,1.556908992109436
99,30,linear_combination,1000000,1.112447899999097,5.6747811999994155,4.086511100002099,4.605411099997582,3.673440437080618,4.13988924784821,5.101165816398253,0.7201178258648139,0.8115574746737471,1.126978732541609
100,9,uniform_mean,100000,1.1006412999995518,1.660899899998185,2.6775359000021126,3.218445200000133,2.4327052782802197,2.9241544906605297,1.5090292359544033,1.6120995010024617,1.9377719271363976,1.202017571453512
101,24,normal_mean,10000,1.0340238999997382,1.2682463000019197,3.7263495000006515,2.764600700000301,3.6037363353028833,2.673633269019218,1.2265154606215976,2.938190712636032,2.1798610411842843,0.74190590549808
102,19,linear_combination,10000,0.6134315000017523,0.7655083999998169,1.9991422000020975,1.9392201999980898,3.2589493692390867,3.1612660908227737,1.2479117880278894,2.6115222249717647,2.5332448344114233,0.9700261442112798
103,26,discrete_mean,1000000,1.008210500000132,4.492719800000486,4.326413099999627,3.6945721000010963,4.291180363623529,3.664484847162981,4.456132722283589,0.9629830687413798,0.8223464325553301,0.8539573116588
104,12,linear_combination,100000,1.0871966000013344,1.2662711000011768,2.859807400000136,3.2916839999998047,2.63044181705188,3.0276805501376334,1.1647121596955166,2.258447973737597,2.5995096942485265,1.1510159740126724
105,5,uniform_mean,1000000,1.032143200001883,4.6237269999983255,3.2782728999991377,3.7187783000008494,3.176180301331401,3.602967398316498,4.479734013642574,0.7090109126253182,0.8042815460346591,1.1343711806304555
106,23,discrete_mean,10000,0.6711235000002489,0.7747347000004083,2.4320079000026453,1.8190926999996009,3.6237859350801207,2.7105185558230733,1.1543846996866016,3.139149311372478,2.3480201674181393,0.7479797660186969
107,25,normal_mean,10000,0.7244240999971225,0.9956564999993134,1.9440299999987474,1.883345800000825,2.683552355597321,2.5997834693907973,1.374411066671123,1.9525107303573954,1.8915617986746671,0.9687843294609849
108,27,uniform_mean,10000,1.083798999999999,1.0066360000018904,2.552976300001319,2.3531822999975702,2.355580970273382,2.171234979915623,0.9288032190488192,2.536146432271968,2.3376695250250847,0.9217407541136807
109,11,normal_mean,10000,0.8157561000007263,1.7718757999973604,5.951811299997644,2.8327785000001313,7.296067170067555,3.472580223424145,2.1720656455964997,3.3590454251965687,1.598745521556506,0.4759523374004234
110,29,discrete_mean,100000,0.6605727999994997,1.3216589000003296,2.101487600000837,2.1501822999998694,3.1813111287694995,3.2550270008112623,2.0007770528870257,1.590037792656118,1.6268814139558498,1.0231715381042519
111,2,linear_combination,100000,0.6581988000034471,1.1076878999992914,1.8144249999968451,1.9744141999981366,2.756651941612994,2.9997231839191993,1.6829078083908544,1.6380290874333878,1.7824643566110994,1.0881762541860753
112,4,discrete_mean,10000,0.6652438000019174,0.7860878999999841,1.698600700001407,1.675333099999989,2.5533506663218977,2.5183746169376704,1.1816538538167787,2.1608279430346675,2.1312287086469883,0.9863019013230132
113,27,normal_mean,100000,0.6666426999981923,1.0985584000009112,1.7203262000002724,1.9282939000004262,2.5805820719328922,2.8925448369953726,1.6478968418973015,1.5659852038806907,1.7552948482291217,1.1208885268387594
114,8,linear_combination,10000,0.6405544000008376,0.7769926999972085,1.6897895000001881,1.6840990999990026,2.6380109167901717,2.629127362167523,1.213000332206277,2.174781693581238,2.1674580726499144,0.9966324799620397
115,23,normal_mean,100000,0.647527999997692,1.1083947000006447,1.692107599999872,1.9514958999970986,2.6131805883388877,3.013762956974918,1.711732465630205,1.5266290970165122,1.7606506959984234,1.153293029354189
116,6,normal_mean,1000000,0.7524010999986785,4.290590800002974,3.570315799999662,3.263733700001467,4.745229373011194,4.337757746509407,5.702531269572186,0.8321268483578502,0.7606723297871251,0.9141302570494677
117,27,discrete_mean,100000,0.6268357999979344,1.1034586999994644,1.7150870000004943,2.0242295999996713,2.736102500856119,3.229282054417348,1.760363240266591,1.5542829106348308,1.834440745268177,1.180248931977846
118,6,linear_combination,1000000,0.7726042000031157,4.284329300000536,2.9116039000000455,3.2458986999990884,3.768558208702857,4.2012439228080805,5.545309357602843,0.6795938631513878,0.7576211987250099,1.1148146559355268
119,13,linear_combination,1000000,0.8828840999995009,4.699236500000552,2.899666699999216,3.2083082999997714,3.284311836628222,3.6338952077646263,5.32259726956597,0.6170505996024833,0.6827296944938597,1.1064403712332314
120,30,linear_combination,100000,0.6837362000005669,1.095509700000548,1.710442999999941,1.9334971999996924,2.501612463986144,2.8278409129106947,1.6022403084693186,1.5613216386847926,1.7649293292416537,1.1304072687600575
121,28,normal_mean,1000000,0.7290796999986924,4.21421669999836,2.9831023999977333,3.2129396999989694,4.091599862131786,4.406842900720911,5.780186583175912,0.7078663989915123,0.762404956536815,1.0770463997486008
122,11,normal_mean,100000,0.652226400001382,1.1375832000012451,1.7332980000028329,1.9761256000019785,2.6575097236161556,3.029815413785445,1.744153870494716,1.5236670161803862,1.7371262163504309,1.1400957019501257
123,4,uniform_mean,1000000,0.7301298999991559,4.215254200000345,2.949237400000129,3.201241700000537,4.039332453038204,4.384482405123031,5.773293492028224,0.6996582554854907,0.7594421470478044,1.0854472752856033
124,13,uniform_mean,10000,0.647699700002704,0.7888366999977734,1.6771315000005416,1.6669801999996707,2.5893658743296313,2.5736930247037497,1.2179049951613072,2.126081988839104,2.1132132924398372,0.993947224769872
125,1,uniform_mean,10000,0.6360627000030945,0.7814566000015475,1.6772231000031752,1.681202799998573,2.6368832820962704,2.6431400552027244,1.2285842260483844,2.146277989078157,2.151370658326059,1.0023727910707825
126,14,linear_combination,1000000,0.7715104999988398,4.384475299997575,2.93077859999903,3.2008783999990555,3.798754002704354,4.148846191988144,5.682975539547639,0.6684445456907127,0.7300482226461227,1.0921597421245381
127,4,normal_mean,10000,0.6421345000017027,0.769783899999311,1.6769085000014456,1.7116688000023714,2.611459904423449,2.6655923330670332,1.1987891944713605,2.1784146174048935,2.2235705371389343,1.0207287994550065
128,14,uniform_mean,1000000,0.7259194999969623,4.257939499999338,2.9121930000001157,3.219146200000978,4.011729950789726,4.434577387733005,5.865580825445736,0.683944194134409,0.7560338046140576,1.1054027669185558
129,29,uniform_mean,1000000,0.7319164000000455,4.204279699999461,2.941003100000671,3.101187899999786,4.0182227095888114,4.237079398684868,5.744207535176421,0.699526032961377,0.7376264476410035,1.0544660425550312
130,2,uniform_mean,100000,0.6496894000010798,1.0901318000032916,1.6970777999995335,1.9463810000015656,2.6121371227492904,2.9958638697173305,1.6779276374240981,1.556763870198456,1.7854547495960476,1.146901456139548
131,27,linear_combination,1000000,0.7812048999985564,4.347370100000262,2.926464100000885,3.6302615999993577,3.746090302309027,4.647003110203311,5.5649549817318045,0.6731573417226908,0.835047745302186,1.2404941512859358
132,7,discrete_mean,100000,0.675509200002125,1.111886399998184,1.6883637000028102,1.942919000000984,2.4993940867089584,2.8762287767433397,1.6459974194203222,1.5184678039101545,1.7474078287171757,1.1507704175337043
133,10,normal_mean,100000,0.6145071999999345,1.086810400000104,1.6685821999999462,1.9417761000004248,2.715317574798349,3.1598915358528457,1.768588553560023,1.5353020177206498,1.7866741981860303,1.163728163946905
134,8,discrete_mean,100000,0.6331697999994503,1.09893209999791,1.7005471000011312,1.9483751000007032,2.685767861958368,3.0771762961568836,1.7356040986144063,1.5474542057733733,1.7729713237099989,1.145734275751261
135,3,normal_mean,1000000,0.7536345000007714,4.254253700000845,3.0046154000010574,3.210857500002021,3.9868336706957845,4.260496965039067,5.6449826805918395,0.7062614530958651,0.7547404848002796,1.0686417636017211
136,16,normal_mean,10000,0.6087035000018659,0.7831502999979421,1.6566044000028342,1.6190951999997196,2.7215292831366273,2.6599078204655577,1.2865874764898533,2.115308389726962,2.067413113426598,0.9773577807694762
137,18,linear_combination,10000,0.6313315000006696,0.7698602999989816,1.6173813000023074,1.6891546000006201,2.561857439396881,2.6755430387978874,1.219423234858652,2.1008763538065893,2.194105346129492,1.0443762395411709
138,3,uniform_mean,10000,0.6373469999998633,0.7865392999992764,1.6289553999995405,1.6789011000000755,2.5558375578764627,2.6342025615566333,1.2340833172501715,2.0710413325831767,2.1345419103681404,1.030661183234697
139,18,discrete_mean,1000000,0.7608987000021443,4.203135499999917,2.56132830000206,2.84143739999854,3.36618829812016,3.7343175904894204,5.523909424458304,0.6093851364064068,0.676028027171286,1.1093608734172244
140,13,discrete_mean,1000000,0.7416613999994297,4.248599999998987,2.567109600000549,2.859702699999616,3.4612959498802596,3.855806301907872,5.7284901169216225,0.6042248270021092,0.673092948265381,1.113977642403349
141,27,linear_combination,100000,0.6559911999975157,1.0864015000006475,1.6929535000017495,1.9533633999999438,2.580756418696106,2.9777280548997327,1.6561220638398226,1.558312925746826,1.7980124291054271,1.1538198775087
142,4,linear_combination,1000000,0.7783553999979631,4.305449700001191,2.903229999999894,3.191459899997426,3.7299542085883797,4.100260497975318,5.531470199875863,0.6743151592269424,0.7412605238418053,1.0992790443738671
143,6,discrete_mean,1000000,0.7588625999997021,4.337470200000098,2.563565100001142,2.873334200001409,3.378167668300096,3.7863694956142746,5.715751705251782,0.591027714726682,0.6624447125887676,1.120835277403382
144,21,uniform_mean,1000000,0.6960639999997511,4.315040599998611,2.9528241000007256,3.218138699998235,4.2421732771724745,4.623337365528724,6.1992009355463775,0.6843096910841757,0.7457956942512364,1.0898511360691767
145,29,uniform_mean,100000,0.6525508999984595,1.090462900003331,1.7729661999983364,1.9538177000031283,2.7169776334727636,2.994123063821904,1.6710771527644899,1.6258840167720705,1.7917323918100836,1.1020050466867115
146,13,normal_mean,1000000,0.7503098999986832,4.292802100000699,2.9042717999982415,3.2203157000003557,3.8707630007325484,4.29198082019977,5.721372062408124,0.6765445348616859,0.7501663540464237,1.1088203590319285
147,11,discrete_mean,10000,0.6385840000002645,0.7667562000024191,1.7013085999969917,1.9219779999984894,2.664189206112723,3.0097496961992367,1.2007131403262554,2.2188390520893395,2.5066350946916707,1.1297056865532142
148,25,linear_combination,10000,0.642743899999914,0.8256026999988535,1.6717898999995668,1.6814913000016531,2.6010202508336375,2.616113976347155,1.284497137972004,2.024932694626469,2.0366833829443487,1.0058030019215267
149,27,discrete_mean,10000,0.6693940000004659,0.946402699999453,1.7238142999995034,1.7203082999985781,2.5751863625881075,2.569948789498234,1.4138201119203255,1.82143848490764,1.8177339308093399,0.9979661382314057
150,20,linear_combination,100000,0.6515594999982568,1.1477869000009377,1.7290672000017366,1.9546044999988226,2.653736458460605,2.999886426341803,1.761599516243733,1.5064357329747569,1.7029332709732317,1.1304387128486733
151,12,discrete_mean,10000,0.6412992999976268,0.7827548999994178,1.6910775000033027,1.6099551000006613,2.636955162760291,2.510458221311982,1.220576570101222,2.1604176479822232,2.0567806091049174,0.9520291648357435
152,21,normal_mean,10000,0.645448999999644,0.7619690999999875,1.6918060000025434,1.6931691999998293,2.6211304069004315,2.6232424250417354,1.1805256495871987,2.220307883879505,2.222096932801943,1.0008057661441583
153,25,uniform_mean,10000,0.6402807000013127,0.7674221999986912,1.673592400002235,1.6837357000003976,2.613841710360478,2.62968366842378,1.1985715015259992,2.1807974801942,2.1940148460694378,1.0060607947300364
154,10,linear_combination,10000,0.6328608999974676,0.7835163000017928,1.6485068000001775,1.670708999998169,2.6048485536186132,2.6399308284092986,1.2380545235215639,2.1039853286988484,2.1323219440289196,1.013468066979153
155,1,discrete_mean,10000,0.6051799000015308,0.7792989000008674,1.6835677000017313,1.678292300002795,2.7819293072976694,2.773212229947739,1.287714446561917,2.1603619612447256,2.153592543247433,0.996866535275694
156,1,discrete_mean,100000,0.6537123999987671,1.0854357999996864,1.699299100000644,1.967360999999073,2.5994597930280183,3.0095207005447406,1.6604179452642074,1.5655454703089164,1.8125079346006843,1.1577485093697322
157,9,uniform_mean,1000000,0.727404999997816,4.15755160000117,2.916663100000733,3.123384700000315,4.009682501508086,4.293873014358841,5.715593926373414,0.7015338306324116,0.7512557871799922,1.0708760638139971
158,22,uniform_mean,100000,0.627352499999688,1.0923110000003362,1.712832699999126,1.939102799999091,2.7302556377793628,3.0909302186570633,1.7411439342329542,1.568081526230715,1.7752295820498871,1.1321028609507984
159,13,normal_mean,10000,0.7491439999976137,0.7751705999980913,1.8393930999991426,1.668094699998619,2.455326479295038,2.2266676366678935,1.0347417852916936,2.3728881100543178,2.1519065609592603,0.9068723265295475
160,3,linear_combination,10000,0.6478492999995069,0.7826848999975482,1.6993710999995528,1.6825575000002573,2.623096297242038,2.5971433480001256,1.208128032241671,2.171207212512821,2.1497252598146814,0.990105986856373
161,4,uniform_mean,100000,0.6496640000004845,1.0844852999980503,2.393336500001169,1.8828930999989097,3.683960478030773,2.8982567911989974,1.6693018237077035,2.206886990543322,1.7362089647524912,0.786723095560524
162,27,discrete_mean,1000000,0.7647422999980336,4.62669459999961,2.5387685999994574,2.836193600000115,3.319770071573111,3.708691934534559,6.050004818631723,0.5487218888403984,0.6130064430879778,1.1171532529592185
163,16,linear_combination,1000000,0.7708720999980869,4.281990299998142,2.923926499999652,3.0875616000012087,3.7930111882462842,4.005283885626255,5.554735085118231,0.682842859312624,0.7210575885710316,1.0559641632584047
164,23,uniform_mean,1000000,0.7064719000009063,4.223292200000287,2.9588326000011875,3.1797659000003478,4.188181582306942,4.500909236441348,5.978004503781211,0.7005985993583362,0.7529116502997665,1.0746690772567098
165,5,uniform_mean,100000,0.6492978999995103,1.1110200000002806,1.71431080000184,1.9078804000018863,2.640253110325989,2.9383745119202223,1.7111098002952398,1.5430062465134806,1.71723317312146,1.1129139476924712
166,28,linear_combination,10000,0.6351533000015479,0.7656490000008489,1.6671549000020605,1.6695573000033619,2.6248071134921247,2.628589507445357,1.2054554388664642,2.177440184732445,2.1805779149473334,1.0014410178690045
167,8,linear_combination,1000000,0.77185830000235,4.260111499999766,2.819827899998927,3.1997597999979916,3.6532973733525202,4.145527488644288,5.519292206855579,0.6619141071774957,0.7510976649315791,1.1347358468221445
168,1,linear_combination,100000,0.645954099996743,1.0898201999989396,1.671963799999503,1.921795199999906,2.5883631669927216,2.975126560864922,1.6871480496902715,1.5341648099394098,1.7634057434444468,1.1494239289154928
169,8,uniform_mean,100000,0.6613203999986581,1.0835723999989568,1.7122334000014234,1.941061899997294,2.5891132346815517,2.9351308382460797,1.6384983738610748,1.580174430433141,1.7913541356342804,1.1336432871801707
170,5,normal_mean,10000,0.6188681999992696,0.7442396000005829,1.6458046000007016,1.6301435999994283,2.659378200403,2.634072327518771,1.2025817451946332,2.2113907940391946,2.1903478395911096,0.9904842895679921
171,1,normal_mean,10000,0.6459139999969921,0.7709570000006352,1.6783099000022048,1.6229758999979822,2.598348851410591,2.512681099969253,1.1935907876346161,2.176917649104713,2.1051445151891026,0.9670299269496355
172,6,uniform_mean,100000,0.614154700000654,1.0436392000010528,1.719611199998326,1.9015615999996953,2.799964243530978,3.0962257554939665,1.6993099621315957,1.6477066020484772,1.822048845997522,1.1058090340430131
173,15,uniform_mean,100000,0.6575722000015958,1.0886797999992268,1.70791570000074,1.9320910999995249,2.597305208457102,2.938218951462419,1.6556049662631493,1.5687952509102794,1.774710158120778,1.1312567124938824
174,12,normal_mean,1000000,0.7375256000013906,4.218974600000365,2.8641599000002316,3.088300100000197,3.8834718415127982,4.187380207540421,5.720444958103706,0.6788758339526347,0.7320025344546823,1.07825687385678
175,14,linear_combination,100000,0.6491349000025366,1.0861966000011307,1.709563000000344,1.9074964000028558,2.6336020448040363,2.9385207912799047,1.6732987241895116,1.5738983163808138,1.7561244437709251,1.115780114568736
176,6,linear_combination,10000,0.6406831999993301,0.7732617000001483,1.6749767000001157,1.6779381999986072,2.614360264170915,2.6189826734966073,1.206933005268371,2.166118792641346,2.169948673260664,1.001768084295436
177,22,linear_combination,100000,0.6309450000007928,1.1081997000001138,1.8265705999983766,1.9671008000004804,2.8949759487690394,3.117705663723476,1.7564125240690098,1.6482323537880303,1.7750418088005964,1.0769366374353275
178,2,discrete_mean,1000000,0.7304375000021537,4.21107739999934,2.5730521000004956,2.7885773000016343,3.522617746204034,3.8176809104042606,5.7651440403688525,0.6110199019378981,0.662200438301626,1.083762470258996
179,22,normal_mean,10000,0.6341460000003281,0.7652879000015673,1.6226943000001484,1.6644285000002128,2.5588654663110844,2.624677124825122,1.2068007998176624,2.120371039443881,2.1749050259344282,1.025719077216245
180,17,uniform_mean,1000000,0.6850521000014851,4.219946699999127,2.9058631000007153,3.1388311000009708,4.241813286893677,4.5818866915292515,6.160037608803738,0.6886018489288778,0.7438082334076921,1.080171705267257
181,16,normal_mean,1000000,0.7140049999979965,4.343802100000175,2.937168600001314,3.2733649000001606,4.1136527055266505,4.584512573454451,6.083713839556255,0.6761745890774341,0.7535713701137601,1.1144627175977218
182,20,discrete_mean,10000,0.631806699999288,0.7855826000013622,1.686370799998258,1.6740124999996624,2.6691245914298767,2.6495643366896062,1.2433907396079331,2.146649887606133,2.130918505573774,0.9926716591638041
183,30,uniform_mean,10000,0.6269128999992972,0.7791179000014381,1.7023258000008354,1.6686900999993668,2.715410386359483,2.6617574785927,1.2427849227577092,2.1849399173060884,2.1417684024411283,0.9802413263069548
184,17,uniform_mean,100000,0.6462334999996528,1.0868647999996028,1.7444203999984893,1.964701699998841,2.6993654770287,3.0402349924599954,1.6818453391849644,1.6050022045052217,1.8076781031086468,1.1262776449991885
185,11,discrete_mean,1000000,0.7596937000016624,4.239835299998958,2.5394081000013102,2.7612016999992193,3.342673632801948,3.634624981085373,5.580979939664737,0.5989402701567049,0.6512521134959883,1.087340668086313
186,2,uniform_mean,1000000,0.7412231999987853,4.176801400000841,2.9227634000017133,3.1789399000008416,3.943162329520316,4.288775499749672,5.635011694193714,0.6997611617351797,0.761094338840291,1.0876487299652713
187,9,linear_combination,10000,0.6450843999991775,0.7751534000017273,1.6611522999992303,1.6868281999995816,2.5750929645816085,2.614895353230883,1.2016309803844514,2.142998147199675,2.176121784405284,1.0154566802817315
188,26,discrete_mean,100000,0.6170937000024423,1.0932431000001088,1.7070244999995339,1.9008642000007967,2.7662322593680306,3.0803493861520113,1.7715998396933592,1.561431762065879,1.7387388038402507,1.1135541405535279
189,21,linear_combination,100000,0.604422299998987,1.0891659000008076,1.662534399998549,1.9323089999998047,2.7506172422846333,3.1969518662746945,1.801994896618859,1.526428985701183,1.7741181577557394,1.162267078504656
190,16,uniform_mean,1000000,0.7167420000005222,4.202516500001366,2.8880306999999448,3.203674599997612,4.0293867249272965,4.469773781912149,5.863360177020886,0.6872146010608182,0.7623229081900263,1.1092938174090994
191,16,uniform_mean,10000,0.6455875999999989,0.7338754999982484,1.642556999999215,1.6539646000019275,2.544282139246816,2.5619522431997304,1.1367558794472659,2.238195715762599,2.2537400417453304,1.006945025349329
192,13,linear_combination,100000,0.9761801999993622,1.0912127999981749,1.7705988000016077,1.9406197999996948,1.8138032301851283,1.987972917296379,1.1178395136460335,1.6225971689523522,1.7784063750012284,1.0960245765432195
193,10,linear_combination,100000,0.6749170000002778,1.0673841000025277,1.7296092999968096,1.9516849999999977,2.5626992652372036,2.8917407621962323,1.5815042442286806,1.6204188351622566,1.8284748667282713,1.1283964534670332
194,30,uniform_mean,100000,0.6539362000003166,1.0922333000016806,1.7044314999984636,1.896248500001093,2.606418638389553,2.8997454185900318,1.6702444366914568,1.5605013141385096,1.7361203874649995,1.1125401636867203
195,27,normal_mean,1000000,0.7581041000012192,4.154690100000153,2.868391199997859,3.2054653000013786,3.7836376297044776,4.228265352998649,5.480368856986093,0.6903983524541948,0.7715293374110529,1.1175132945616941
196,9,discrete_mean,10000,0.6289733999983582,0.7785646000011184,1.6627881999993406,1.7206359000010707,2.643654246751422,2.735625862724182,1.2378339052226226,2.135709997599367,2.2100104474292808,1.0347895781325325
197,19,normal_mean,100000,0.6612683999992441,1.0871006000015768,1.6461611999984598,1.847685900000215,2.4893994632139407,2.7941542345019466,1.6439627237636327,1.514267584799486,1.6996457365560602,1.1224209998400787
198,26,uniform_mean,100000,0.641267399998469,1.0817111000033037,1.7062205000001995,1.9530699999995704,2.6607005127724768,3.0456405549451495,1.686833137012557,1.577334743070482,1.8055375413949302,1.1446762009947378
199,16,linear_combination,100000,0.6606420999996772,1.1025774000008823,1.706979999999021,1.9547120999995968,2.5838195900622365,2.9588064399779426,1.6689481339463852,1.5481724911082477,1.772857034796861,1.145128882588383
200,4,linear_combination,10000,0.6516117000028316,0.7748357000018586,1.6564929999985907,1.6887048999997205,2.542147416922367,2.5915816121662365,1.1891064878032294,2.1378635496462244,2.179436104964794,1.0194458413051894
201,14,discrete_mean,100000,0.6281683000015619,1.0695895999997447,1.7121536000013293,1.99869210000179,2.725628784510572,3.181778036231406,1.7027118369346006,1.6007575241959515,1.86865326663822,1.1673556040767827
202,22,discrete_mean,1000000,0.78506600000037,4.211322000002838,2.5869319000012183,2.8154171999995015,3.2951776029021755,3.5862172097609304,5.364290390872682,0.6142802426410222,0.6685352485508361,1.0883228893648786
203,23,uniform_mean,10000,0.5874175999997533,0.7687170999997761,1.6583331000001635,1.6872488000008161,2.8230905917712716,2.8723157086228346,1.3086381817638746,2.157273592587763,2.1948891211101036,1.0174366054688588
204,25,discrete_mean,1000000,0.7584886999975424,4.314122399999178,2.5492549000009603,2.8095490999985486,3.360966221394228,3.704141010944068,5.687787306538853,0.5909092658106887,0.6512446424791016,1.1021059918321585
205,29,linear_combination,10000,0.6326187000013306,0.774285500003316,1.667303099999117,1.6741751999979897,2.635557722203928,2.646420663812923,1.2239371046124425,2.153344083018443,2.162219491377302,1.0041216860922746
206,28,discrete_mean,100000,0.6724365999980364,1.0893243000027724,1.7041023999991012,1.9135667999980797,2.5342201777893667,2.84572077130196,1.619965807937809,1.56436646092882,1.7566548363909715,1.1229177307649405
207,6,discrete_mean,10000,0.6539570999993884,0.7695539999986067,1.6711164000007557,1.6944952000012563,2.555391477517896,2.5911412231824396,1.1767652648764366,2.1715388393846062,2.201918513846103,1.013989929127911
208,11,uniform_mean,1000000,0.7043257000004814,4.843936200002645,2.9795467000003555,3.2208973999986483,4.230353514003988,4.573022679701233,6.8774094144219555,0.6151085763678573,0.6649339023079803,1.0810024894049366
209,8,normal_mean,100000,0.6424874000003911,1.0556985000002896,1.7266538000003493,1.9251638999994611,2.687451613836004,2.996422809222857,1.6431427293354657,1.635555795522941,1.8235925313893435,1.1149680960937691
210,22,normal_mean,100000,0.6527137999983097,1.0978807999999844,1.6813739999997779,1.9320810999997775,2.5759743397552373,2.9600739252100707,1.6820248016861719,1.5314722691204743,1.7598277517921845,1.149108467241692
211,25,uniform_mean,100000,0.6346174000027531,1.0879977000004146,1.7287034000000858,1.9493594000014127,2.7240088279845245,3.0717080874129135,1.7144151736080584,1.5888851603265586,1.791694412589907,1.127642486271107
212,5,discrete_mean,100000,0.6622463000021526,1.0971685000004072,1.675341499998467,1.9443670000000566,2.529786123369842,2.9360179135674094,1.6567378330340856,1.5269682824450805,1.772168085393752,1.160579499762786
213,9,linear_combination,1000000,0.7737582000008842,4.213868200000434,2.8972594999977446,3.1949309000010544,3.744399090044453,4.129107646287178,5.445975499833951,0.6875534218173807,0.7581943118203662,1.1027424019158594
214,12,normal_mean,100000,0.6468304000009084,1.0838369999983115,1.665306499999133,1.8845561999987694,2.5745643680272203,2.9135244725605394,1.6756123397984841,1.5364916495762069,1.738781938614114,1.1316572654942203
215,9,normal_mean,1000000,0.73922169999787,4.255335900001228,2.9151658000009775,3.107741799998621,3.9435609100887827,4.20407274300467,5.756508365505895,0.6850612662563574,0.7303164481087672,1.0660600505115623
216,20,normal_mean,1000000,0.714454900000419,4.22516639999958,2.8247246999999334,3.1814708999991126,3.9536781118000266,4.453004521345219,5.913832209698754,0.6685475630025398,0.7529812080299202,1.1262941482400701
217,22,linear_combination,1000000,0.7815849999969942,4.287486799999897,2.833719400001428,3.1957279999987804,3.6256061720891855,4.088778571762599,5.485630865505845,0.6609278423904409,0.7453615950488425,1.1277503340652466
218,26,linear_combination,1000000,0.7650083000007726,4.222062499997264,2.934694600000512,3.18311900000117,3.836160470412606,4.160894724930377,5.518976068616511,0.695085541723367,0.7539251254578142,1.084650852596592
219,1,uniform_mean,1000000,0.7070949000008113,4.208570599999803,2.9275601000008464,3.1954493000012008,4.140264765023036,4.5191236706664615,5.951917628022736,0.6956186264288838,0.7592718772500455,1.0915059608854065
220,20,linear_combination,1000000,0.7756838999994216,4.2199029000003065,3.3418421000023955,3.186661299998377,4.308252498221102,4.108195748294832,5.440235255628553,0.7919239326578231,0.7551503850949143,0.9535642931771352
221,4,linear_combination,100000,0.6522688000004564,1.0903954000023077,1.734145800000988,1.951905899997655,2.6586367460773452,2.9924869930867293,1.6716963926552133,1.5903825346267215,1.7900899985395426,1.1255719674761737
222,8,uniform_mean,1000000,0.7265870000010182,4.249616199998854,2.8662175999998,3.117708699999639,3.9447686237102833,4.290895240343235,5.848736902797462,0.674465049338002,0.7336447700854678,1.087743198562404
223,7,linear_combination,1000000,0.8207581999995455,4.260423699997773,2.914563599999383,3.070416300000943,3.551062420090347,3.740951110817587,5.190839031520041,0.6841018183240569,0.7206833207698445,1.053473768766478
224,14,linear_combination,10000,0.660289899999043,0.7817915000014182,1.6674917999989702,1.680073600000469,2.5253934673260745,2.5444484309133064,1.184012507237429,2.13291114062502,2.1490046898660595,1.0075453444517728
225,3,normal_mean,10000,0.6451367999979993,0.7830310000026657,1.6632081999996444,1.6748146999998426,2.578070573566416,2.59606133149595,1.2137441237348325,2.124064309068201,2.138886838444635,1.00697838069834
226,14,uniform_mean,100000,0.6505923000004259,1.0824056999990717,1.6879890999989584,1.891059599998698,2.5945420811126314,2.906673810921925,1.6637235024121297,1.5594791306073186,1.7470894693185004,1.1203032057492937
227,5,discrete_mean,10000,0.6499969999968016,0.7775099999998929,1.7039836999974796,1.7029407000009087,2.621525483972794,2.619920861187495,1.1961747515814976,2.1915907190874897,2.19024925724575,0.999387904944999
228,29,discrete_mean,1000000,0.7660820999990392,4.275281599999289,2.593211799998244,2.94526709999991,3.3850311866071485,3.8445841509723357,5.580709430496615,0.6065592965849723,0.6889059892570351,1.1357603339618865
229,13,uniform_mean,100000,0.6460015999982716,1.083654000001843,1.7101354999977048,1.9436994999996386,2.6472620191688074,3.008815303251322,1.6774788173972672,1.5781194920101769,1.7936532324859529,1.136576312229205
230,10,normal_mean,1000000,0.7384827999994741,4.217914299999393,2.9156755000003614,3.159595900000568,3.9481968977509534,4.278496262882247,5.711594501594887,0.6912600144580417,0.7490896389243903,1.083658280902719
231,16,uniform_mean,100000,0.6567719000013312,1.0519193000000087,1.7124987999995938,1.9378507999972499,2.6074483393642796,2.9505689874876224,1.6016508927953168,1.6279754540101885,1.8422048155188653,1.13159250096859
232,8,linear_combination,100000,0.6607964999966498,1.085750599999301,1.7140599000013026,1.934168600000703,2.59393005261074,2.927026096552432,1.6430937512604948,1.5786865786695454,1.7814114954225662,1.1284136569551817
233,18,discrete_mean,10000,0.6368222999990394,0.7382930000021588,1.6005374999986088,1.6962992999979178,2.513318864620512,2.663693309735662,1.1593391123446406,2.1678893068116976,2.297596347240131,1.0598310255144863
234,28,uniform_mean,10000,0.6378074000022025,0.7754029000025184,1.6805749000013748,1.680218599998625,2.6349253708808824,2.634366738286233,1.2157320532810387,2.1673569959512875,2.1668974928945555,0.9997879892156253
235,2,normal_mean,100000,0.624413800000184,1.0842144999987795,1.7072595999998157,1.955274299998564,2.734179801918716,3.1313758600434323,1.7363717778153847,1.574651141450089,1.8034017253972945,1.1452706430813304
236,11,uniform_mean,10000,0.6340030999999726,0.7728497999996762,1.6708791000019119,1.664190999999846,2.635443107457967,2.6248941054072414,1.2190000332801363,2.1619713170691277,2.153317501020953,0.9959972567721638
237,7,discrete_mean,1000000,0.7610026000002108,4.305436399998143,2.609455900001194,2.7761912000023585,3.4289710705330982,3.6480705847806427,5.657584349904916,0.6060839500502944,0.6448106398699922,1.063896577060792
238,24,linear_combination,10000,0.6385824999997567,0.7717580999997153,1.6675705999987258,1.6241665000015928,2.6113628231267865,2.5433933751742517,1.2085487779574438,2.160742595379745,2.104502045397634,0.973971656733954
239,18,uniform_mean,1000000,0.7274664999968081,4.164297700001043,2.8833629000000656,3.2189801999993506,3.963567944383304,4.424918810712898,5.724384146925411,0.6924007618377868,0.7729947357026238,1.116397870000782
240,7,uniform_mean,100000,0.6474698000019998,1.086416800000734,1.7024176999984775,1.9573433000005025,2.629339159900924,3.0230650139890027,1.6779420445515425,1.5670023696221629,1.8016504347126998,1.1497432739346243
241,16,normal_mean,100000,0.6470955000004324,1.073244799998065,1.682203100001061,1.952522499999759,2.5996210760234573,3.0173637430618117,1.6585570445125146,1.5673992550479574,1.8192704031766838,1.1606936760481106
242,28,discrete_mean,1000000,0.7754924000000756,4.238293399997929,2.567591499999253,2.8053036000019347,3.3109176827509885,3.6174482174185862,5.465293276887711,0.6058078706869392,0.6618946201325528,1.0925817444101802
243,7,normal_mean,100000,0.6180456000001868,1.092760100000305,1.6999976000006427,1.959349900000234,2.750602220936657,3.1702351735853176,1.768089765544767,1.555691500815383,1.793028405776974,1.1525603918496667
244,7,linear_combination,10000,0.6357308000006014,0.7848764000009396,1.6782101999997394,1.672631099998398,2.6398126376732916,2.631036753287422,1.234604961723102,2.1381840503775247,2.1310757974075862,0.9966755654319451
245,2,discrete_mean,100000,0.6495165000014822,1.1046177000025637,1.7084538000017346,1.934473799999978,2.6303470350604425,2.978328956994262,1.7006768881160723,1.5466471341150605,1.7512609113501334,1.1322950611822302
246,30,normal_mean,1000000,0.7438999000005424,4.186951300001965,2.9146451000015077,3.1655413000007684,3.918060884265991,4.255332337050268,5.628379974239696,0.6961258660926244,0.7560492284682849,1.0860812179153925
247,19,discrete_mean,100000,0.6217514999989362,1.0946914999985893,1.6661282999994,1.9296168000000762,2.679733462649066,3.103517723726244,1.7606575939108506,1.5220071590960076,1.762703738909604,1.1581441837346926
248,4,normal_mean,1000000,0.743291799997678,4.246103199999197,2.9224414999989676,3.1825251999980537,3.931755334860545,4.2816632714204514,5.712565643819105,0.6882643596602928,0.7495166862639268,1.0889953485806911
249,12,uniform_mean,10000,0.6469185999994806,0.76755459999913,1.6467311000014888,1.6782072999994853,2.5454996965658596,2.5941552770330496,1.1864778659938766,2.145425354760893,2.1864337729216756,1.0191143532772096
250,30,uniform_mean,1000000,0.6928853999997955,4.675701399999525,2.974285200001759,3.177180300001055,4.292607695302336,4.585434041476401,6.748159796700732,0.6361153002631993,0.6795088112344765,1.0682164238988163
251,17,discrete_mean,1000000,0.7548352999983763,4.834983000000648,2.5229933000009623,2.857894500000839,3.342442119501287,3.7861166535361908,6.405348292549445,0.5218205110546664,0.5910867732110859,1.1327396311356628
252,13,discrete_mean,10000,0.6506258000008529,0.778010500001983,1.7095892999968783,1.6240303999984462,2.627607604854645,2.4961051344664127,1.195787962913495,2.197385896453224,2.0874145014679195,0.9499535356248496
253,6,uniform_mean,1000000,0.7327734999998938,4.215408400003071,2.954841900002066,3.205341500000941,4.032408240749009,4.37425957680157,5.7526758268464695,0.700962189096533,0.7603869413930584,1.0847759739696057
254,8,normal_mean,1000000,0.7364307000025292,4.230559899999207,2.960047399999894,3.1676767999997537,4.019451388962638,4.301391563373002,5.744681610889765,0.6996821862752608,0.7487606545886154,1.0701439443165226
255,23,uniform_mean,100000,0.61581699999806,1.092414299997472,1.7251864000027126,1.907822599998326,2.801459524514827,3.098034968187523,1.7739268321610369,1.579241868224084,1.746427706047734,1.1058646184524328
256,6,normal_mean,100000,0.642917999997735,1.077376600002026,1.7100489000004018,1.998266099999455,2.659824269979105,3.1081196980120245,1.6757605169023444,1.5872341203597573,1.8547517181974227,1.168543250429263
257,25,linear_combination,1000000,0.7807509999984177,4.16348939999807,2.8912147999981244,3.120035400002962,3.7031202009398436,3.9961977634473542,5.332672516598132,0.6944210786268519,0.749379931171293,1.0791434105847086
258,9,uniform_mean,10000,0.635107699999935,0.7692545999998401,1.6137190000008559,1.6844000999990385,2.5408588181201726,2.6521487615395167,1.211219136533723,2.097769711095899,2.189652294571119,1.0438001287697207
259,14,uniform_mean,10000,0.651527799996984,0.7824169000014081,1.6865183999980218,1.6610126999985368,2.5885593830467846,2.5494118593346684,1.2008956486661506,2.1555239923817937,2.122925386703109,0.9848767140640061
260,28,discrete_mean,10000,0.6459018999994441,0.7604955000024347,1.6584260999989056,1.6765537000028417,2.5676129765221822,2.595678538806411,1.1774164157174474,2.180717834613875,2.2045543990693885,1.0109306046280555
261,16,discrete_mean,10000,0.6369488999989699,0.7767958999975235,1.6775386000008439,1.6862737999981618,2.633709862759096,2.647423992726715,1.219557644261227,2.159561604285234,2.1708067717704713,1.0052071529068325
262,12,uniform_mean,100000,0.6494988999984344,1.0838793000002624,1.6997341999995115,1.9329445999974268,2.616993192757692,2.9760552327372474,1.6687931265208844,1.5681950933089135,1.7833577963865155,1.137204040489379
263,9,linear_combination,100000,0.6566683000019111,1.0837209000019357,1.7127251000019896,1.9352659999967727,2.608204324766408,2.947098253396944,1.6503322910498066,1.5804116170491227,1.7857605219141903,1.1299338113247273
264,17,linear_combination,100000,0.6564574999974866,1.0930159999988973,1.7168636999995215,1.9663556999985303,2.6153463095571228,2.995404424515005,1.6650217264683276,1.5707580675866168,1.7990182211427044,1.1453184664566431
265,19,uniform_mean,1000000,0.7256167000014102,4.199413599999389,2.9409039999991364,3.1985950999987836,4.052971768694713,4.408105684437206,5.7873717625176315,0.7003130151313423,0.7616766064669718,1.0876230914030933
266,19,discrete_mean,1000000,0.7650771999979042,4.277264700001979,2.5745051999983843,2.8272219999998924,3.365026692738245,3.6953421171192096,5.590631507531129,0.6019045770062332,0.6609883180712628,1.0981613088222415
267,8,normal_mean,10000,0.621722600000794,0.7854029000009177,1.691335399998934,1.672779000000446,2.720401992780661,2.6905552411932745,1.2632690206209565,2.153462127523285,2.129835527725313,0.9890285510499576
268,15,discrete_mean,10000,0.6448326000027009,0.7228190999994695,1.681290300002729,1.6209363999987545,2.607328320552787,2.5137320910759864,1.1209406906481494,2.3260180866885825,2.242520154766171,0.9641026299837234
269,7,normal_mean,1000000,0.7404141000006348,4.1577198000013595,2.949120799999946,3.1814209000003757,3.9830694742272166,4.296812959123344,5.615397923942554,0.7093120609039074,0.7651840559335757,1.0787692725236735
270,21,linear_combination,10000,0.7090269000000262,0.7704611999979534,1.6713046999975631,1.6611200000006647,2.357180947574064,2.342816612459419,1.086645936843757,2.1692263023783713,2.1560073369107715,0.9939061381225618
271,15,linear_combination,10000,0.6406372999990708,0.7790442000004987,1.6821053999992728,1.6722091999981785,2.6256750894799796,2.610227659239641,1.21604564704807,2.1591912243210283,2.1464882223590243,0.9941167776994839
272,16,linear_combination,10000,0.6316527000017231,0.7946659000008367,1.6760640000029525,1.7008553999985452,2.653458142422854,2.6927066091760636,1.2580740967285802,2.1091429744263444,2.1403402360624186,1.0147914399423583
273,29,uniform_mean,10000,0.641424299999926,0.7906847000012931,1.6842690000012226,1.6287703000016336,2.6258266174222227,2.539302455491352,1.2327015050745416,2.1301398648519037,2.0599491807530486,0.9670487909000589
274,10,linear_combination,1000000,0.7617702999996254,4.22682839999834,2.9346600999997463,3.19751560000077,3.8524212613712945,4.197480001520593,5.5486915150149825,0.6942936457985612,0.7564810532649081,1.089569316733153
275,4,normal_mean,100000,0.61829619999844,1.0914037000002281,1.7175710999981675,1.9386114000008092,2.7779098432151144,3.1354088865590644,1.7651793751974891,1.5737266604445344,1.7762551107352889,1.1286935370552507
276,27,linear_combination,10000,0.6342612000007648,0.7694633999999496,1.6984499999998661,1.699467200000072,2.6778399813796243,2.67944373705663,1.2131648601538638,2.207317463052794,2.208639423265854,1.0005988989962646
277,22,discrete_mean,100000,0.6568471999999019,1.0939721000031568,1.701913400000194,1.9417532000006759,2.5910339573655,2.956171846360867,1.665489477618722,1.5557191997814963,1.7749567836282778,1.1409236216134466
278,21,normal_mean,1000000,0.7347670999988622,4.255659200000082,2.9566733999999997,3.1918713999984902,4.0239599731732385,4.34405868200064,5.791847784157281,0.6947627291207771,0.7500298426148477,1.0795481841174919
279,14,discrete_mean,1000000,0.709537899998395,4.24898210000174,2.591613500000676,2.8233036999990873,3.6525370949269074,3.9790738451116896,5.988379338173974,0.609937495382627,0.6644658964315079,1.0893999819025293
280,18,normal_mean,1000000,0.7188182999998389,4.6853162000006705,2.936425699997926,3.241939600000478,4.085073654911936,4.510096084088572,6.518081412231325,0.6267294617164805,0.6919361386964692,1.1040427823536512
281,27,uniform_mean,100000,0.6192300999973668,1.0925532000001112,1.712487600001623,1.9565044000009948,2.7655109142932575,3.1595757376931686,1.764373534175353,1.5674180442668133,1.7907635069860173,1.142492593814484
282,17,discrete_mean,10000,0.6395321999989392,0.7712393000001612,1.7268503999985114,1.7159711999993306,2.7001774109284504,2.6831662268173155,1.2059428751225356,2.239059135080578,2.22495300745044,0.9936999754007699
283,17,discrete_mean,100000,0.6116916999999376,1.0873205999996571,1.7231967999978224,2.0246803000009095,2.8171001829810645,3.309968567500779,1.7775631089971764,1.5848102206454708,1.8620821678551367,1.1749559307465451
284,17,uniform_mean,10000,0.6475085000020044,0.7013895999989472,1.7494780999986688,1.8019860999993398,2.701861211077929,2.7829535828390846,1.0832129616781494,2.4943028810254595,2.56916569621512,1.0300135223188625
285,3,normal_mean,100000,0.6488661000003049,1.281563600001391,1.7108399999997346,2.021426799998153,2.6366610923254132,3.1153219439221793,1.9750817618624072,1.3349630092473581,1.5773129012059635,1.1815405297973316
286,24,linear_combination,100000,0.6420723000010184,1.165890299998864,1.8948557999974582,1.9809007000003476,2.951156435177865,3.0851676672505657,1.815824012337886,1.6252436442770855,1.6990455276986844,1.0454097351381593
287,17,normal_mean,100000,0.6291056999980356,1.0860400999990816,1.7203944000029878,1.9384372999993502,2.7346666863904745,3.0812585230199043,1.7263237322479716,1.58409841404976,1.7848671517755095,1.1267400661127378
288,22,normal_mean,1000000,0.7416135999992548,4.18539569999848,2.9189677000031224,3.1406150000002526,3.9359684072757775,4.2348400838434035,5.643633962487589,0.697417379198861,0.7503746897817554,1.0759334541443857
289,17,linear_combination,1000000,0.7737063999993552,4.231746299999941,2.9100456000014674,3.225565699998697,3.761175557038035,4.168978956360429,5.469447195995105,0.6876701469559997,0.7622304059198308,1.108424452179399
290,2,normal_mean,1000000,0.7140963000019838,4.228760099998908,2.949084899999434,3.1984104000002844,4.129814004065336,4.478962291208341,5.921834492052628,0.6973876101413735,0.7563470909596196,1.0845433442763543
291,1,linear_combination,1000000,1.2371552000004158,4.195470799997565,2.8964083999999275,3.4583798999992723,2.341184355850385,2.795429304260379,3.391224318497918,0.6903655246513951,0.8243127088386074,1.1940235707089368
292,30,normal_mean,10000,0.6399824000000081,0.8300380000000587,1.6798154999996768,1.642750499999238,2.6247839003067206,2.566868245125518,1.2969700416762215,2.023781441331069,1.979126859251169,0.9779350767983472
293,23,normal_mean,1000000,0.7397841999991215,4.234551900000952,2.934137699998246,3.2629096999989997,3.9662075778338197,4.41062366566206,5.724036685300903,0.6929039410279955,0.7705442693944231,1.1120506375692425
294,5,discrete_mean,1000000,0.7557593999990786,4.220968199999334,2.543540100003156,2.816015600001265,3.3655421288921543,3.726074197693999,5.585068740136715,0.6025963663984859,0.6671492099849767,1.1071245151581335
295,15,normal_mean,1000000,0.7403673000007984,4.274327099999937,2.9469539999990957,3.8431726999988314,3.9803945960281033,5.190900111329453,5.773252141194415,0.6894544874675453,0.8991292921870412,1.304116962802952
296,2,uniform_mean,10000,0.6083451000013156,0.7624842000004719,1.6959177999997337,1.683515400000033,2.7877561601072585,2.767369047595505,1.2533744415773596,2.224200580154558,2.2079348004837227,0.9926869097077095
297,29,linear_combination,100000,0.6279379999978119,1.1066011000002618,1.7175614000007045,2.1903462999980547,2.735240421835738,3.4881569518100313,1.762277645251789,1.5521052708155614,1.9793458546151241,1.2752652103133875
298,11,linear_combination,100000,0.647880599997734,1.0635003999996115,1.6923467999986315,1.9766240999997535,2.6121276050009072,3.0509079913901838,1.6415067838168502,1.5912986962668276,1.8586021218238145,1.1679781590873406
299,9,discrete_mean,1000000,0.7387969000010344,4.300278000002436,2.5707230000007257,2.9198919999980717,3.479607182971567,3.952225571052049,5.820649761790304,0.5978039094215001,0.6790007529737421,1.1358252133727544
300,17,normal_mean,10000,0.6439434999992955,0.7701122000034957,1.6984929999998712,1.6643392000005406,2.6376428987973783,2.5846043946438804,1.195931320068202,2.205513690072903,2.16116456795904,0.9798917039991727
301,5,linear_combination,10000,0.6423290999991877,0.7743879000008747,1.67388480000227,1.7242848999994749,2.605961336648747,2.6844259430277333,1.205593674647239,2.1615585677415403,2.226642358432418,1.0301096586796992
302,26,normal_mean,1000000,0.7531698999991931,4.169500300002255,2.9364085999986855,3.142012700001942,3.8987333402487687,4.17171835996806,5.535935915663547,0.7042591170930237,0.7535705657582619,1.0700188999594091
303,2,discrete_mean,10000,0.6390876000004937,0.7483123000019987,1.6795832000025257,1.6825505000015255,2.6280954285472418,2.632738454008849,1.170907243391079,2.2444949788985693,2.2484603019314684,1.001766688306358
304,16,discrete_mean,1000000,0.7669158999997308,4.213580299998284,2.559395600001153,2.818322300001455,3.337257188176763,3.6748779103451166,5.4941882154220085,0.6074158833527381,0.6688664032349407,1.1011671271139893
305,1,uniform_mean,100000,0.6694462999985262,1.0752914999975474,1.7397121999965748,1.9130086000004667,2.598733012641051,2.857598286829994,1.606240112164209,1.6178982164376292,1.7790604687239042,1.0996121082580401
306,6,uniform_mean,10000,0.6337725999983377,0.7855312000028789,1.6198985000009998,1.6761587000000873,2.555961712458457,2.6447320379651686,1.2394527627179517,2.0621695229865638,2.133790102791518,1.034730694546018
307,5,normal_mean,100000,0.6595295000006445,1.0875830999975733,1.7270119999993767,1.8948363999988942,2.6185515583422565,2.873012351982804,1.649028739421831,1.5879356713093742,1.7422451672916968,1.0971761632227095
308,27,normal_mean,10000,1.0370492000001832,0.7922469000004639,1.7716049000009662,1.66452130000107,1.7083132603551048,1.6050552857094686,0.7639434078926284,2.2361777622606396,2.101013333091105,0.9395555973005957
309,10,uniform_mean,10000,0.6320551000026171,0.7858191999985138,1.6364460999975563,1.6701491999992868,2.5890877235082517,2.642410764492481,1.2432764168745098,2.0824715150770703,2.1253606427565597,1.020595301001225
310,10,uniform_mean,1000000,0.7281089999996766,4.204462100002274,2.9547225999995135,3.170997899997019,4.058077293373418,4.355114275470331,5.774495439562129,0.702758766691681,0.7541982362013213,1.0731964821325497
311,3,discrete_mean,10000,0.6433372999999847,0.7847937999977148,1.6694707999995444,1.6264172999981383,2.5950163312458088,2.528094205012172,1.2198792142127208,2.1272731767305064,2.0724135435357343,0.97421128898965
312,3,uniform_mean,100000,0.6192766999993182,1.0851287999976194,1.7399415999971097,2.0751068999998097,2.8096351760029488,3.3508557644782924,1.7522519416584121,1.6034424669227534,1.9123139114954484,1.1926302009235579
313,12,linear_combination,1000000,0.769726599999558,4.333404499997414,2.936812899999495,3.185118400000647,3.81539744111894,4.137986656564131,5.629796995452544,0.6777149236821183,0.73501525186549,1.0845493085382438
314,30,normal_mean,100000,0.6569342000002507,1.1047192999976687,1.7224171000016213,1.9454434999970545,2.6219020108877937,2.961397808176697,1.681628540571106,1.5591445718430519,1.7610297022973709,1.12948454819406
315,9,normal_mean,100000,0.5995380000022124,1.0846973999978218,1.7412005000005593,1.9622751000024437,2.90423709588739,3.2729786935860656,1.8092221010074743,1.6052407795981218,1.809053013316326,1.1269667680441244
316,1,discrete_mean,1000000,0.7172348999993119,4.178951199999574,2.5526971999970556,2.8372965999988082,3.5590811322754994,3.9558819572242374,5.826474980516959,0.6108463769563319,0.6789494454970179,1.111489682365022
317,11,linear_combination,1000000,0.7819971000026271,4.256880900000397,2.9204099000016868,3.2038666999978886,3.7345533634228,4.097031433987575,5.443601900807683,0.6860445402645431,0.7526324497351077,1.0970606215230396
318,22,uniform_mean,10000,0.632965000000695,0.772406600000977,1.6450000000004366,1.6879331000018283,2.598879874872434,2.666708427796126,1.2202990686690875,2.129707332897409,2.185290881770939,1.0260991489370093
319,29,normal_mean,100000,0.6647216999990633,1.075887300001341,1.6765519000000495,1.8772821000020485,2.5221862021390486,2.82416250290113,1.6185529974466863,1.5582969517327325,1.744868723703411,1.1197279964920819
320,19,uniform_mean,10000,0.5941213000005519,0.7678164999997534,1.6850935999973444,1.6655869999995048,2.8362787195069075,2.8034460302937423,1.2923564598660917,2.194656666010545,2.1692513771194544,0.9884240258239243
321,28,uniform_mean,1000000,0.7272835999974632,4.244530100000702,2.9674153000014485,3.208280700000614,4.080135039497383,4.411320013282033,5.836141637203847,0.699115150579556,0.7558623980544003,1.0811701011311252
322,26,uniform_mean,1000000,0.7339695999980904,4.238766999998916,2.938067499999306,3.2238911999993434,4.0029825486054875,4.392404263075379,5.7751261087788155,0.693142015119033,0.7605728741400902,1.0972828908798402
323,24,discrete_mean,1000000,0.7840728999981366,4.201427399999375,2.444595400000253,2.8327320000025793,3.117816468348878,3.6128426323742495,5.358465265167767,0.581848778346287,0.674230857827747,1.1587733495703567
324,29,linear_combination,1000000,0.7734329000013531,4.217515900003491,2.889915600000677,3.2070490999976755,3.736478755940717,4.146512386519975,5.452982281974444,0.6852174760024698,0.7604118576043829,1.1097379798901132
325,3,linear_combination,1000000,0.7811518000016804,4.2034949000008055,2.906391499996971,3.1675137000020186,3.720648790658511,4.054927224126226,5.381149861002386,0.6914226302490374,0.7535428911788169,1.089844124580367
326,23,discrete_mean,1000000,0.730815300001268,4.2165910999974585,2.580741300000227,2.825449899999512,3.5313181045823057,3.866161395354763,5.76970829700766,0.6120444782994924,0.670079178415288,1.0948210500600208
327,5,linear_combination,1000000,0.7519925000015064,4.204936699999962,2.8977698999988206,3.1067748999994365,3.8534558522764732,4.13139080508544,5.59172691215875,0.6891352014880145,0.7388398736179463,1.072126154668354
328,15,discrete_mean,1000000,0.7618758999997226,4.261331900001096,2.595108800000162,2.8458788999996614,3.4062093314686903,3.735357556264344,5.593209996539656,0.6089900671664402,0.667837888900165,1.0966318252242386
329,24,normal_mean,100000,0.6528534999997646,1.093165999998746,1.7062750000004598,1.9179903000003833,2.613564911578287,2.93785711495929,1.674443041201648,1.5608562651988969,1.7545279490970114,1.1240804090781769
330,18,linear_combination,1000000,0.7871760000016366,4.299949600001128,2.9105149999995774,3.2230998999984877,3.697413284949651,4.094509868176605,5.462500889244829,0.6768718870562609,0.7495669018998833,1.107398484460295
331,2,normal_mean,10000,0.6325827000000572,0.772077800000261,1.6684496000016225,1.67824119999932,2.6375201218773,2.652998888523458,1.2205167798616547,2.160986366919316,2.1736685085347003,1.005868681917445
332,24,normal_mean,1000000,0.7442212999994808,4.232477999998082,2.8967857000025106,3.95147039999938,3.89237139544989,5.309536827287981,5.687122902826128,0.6844183714608377,0.9336068374132531,1.3640879268341994
333,7,uniform_mean,10000,0.6422572000010405,0.7731081999991147,1.65670549999777,1.6508543999989342,2.579504752916878,2.570394539751769,1.2037361356133685,2.142915441848459,2.1353471609806034,0.9964682316809815
334,12,discrete_mean,100000,0.6565181000005396,1.0908185999978741,1.764040500002011,2.424228800002311,2.6869639999271326,3.6925544017755465,1.661520984717676,1.6171712693617883,2.2223940809287956,1.3742478134711462
335,27,uniform_mean,1000000,0.6952115999993111,4.1621187000018836,2.9391150000010384,3.2039194999997562,4.2276552922936705,4.608552993078555,5.986837244956798,0.7061583803459782,0.7697809050948754,1.0900966787616764
336,26,normal_mean,10000,0.6419128999987151,0.7919761000011931,1.700106100000994,1.6616767000014079,2.648499664057845,2.588632663410774,1.2337750183907792,2.146663390471547,2.0981399564947787,0.9773958813514264
337,26,linear_combination,10000,0.6299574000004213,0.7830538000016531,1.6745188000022608,1.6844328000006499,2.658146090515233,2.67388366260881,1.2430265919586458,2.138446681439673,2.1511073696304055,1.0059205068335904
338,11,uniform_mean,100000,0.6398302999987209,1.0706571000009717,1.73165599999993,1.9099769000022206,2.7064301268686273,2.9851304322506125,1.6733454167505228,1.6173768426869428,1.7839296073415916,1.1029770924492497
339,4,uniform_mean,10000,0.6331223000015598,0.7707458000004408,1.6832724000014423,1.7292376000004879,2.6586844279490633,2.7312852508847465,1.2173726940253755,2.1839527377255634,2.2435900396726116,1.0273070478664097
340,26,linear_combination,100000,0.6544816999994509,1.0884637000017392,1.7154969000002893,1.952856799998699,2.6211533492865096,2.983821854759785,1.6630926426249235,1.5760717605902228,1.7941404936109295,1.1383621853227306
341,1,linear_combination,10000,0.6313703000014357,0.7731211999998777,1.6693412999993598,1.6896535999985645,2.6439971914984977,2.676168961376109,1.2245130947688223,2.159223288663697,2.1854964008215423,1.0121678532719538
342,10,discrete_mean,100000,0.6485112000009394,1.0960501000008662,1.692330399997445,1.9609474999997474,2.6095623329172937,3.023768132295798,1.6901020367871495,1.5440265002449318,1.789103892238318,1.1587261565488085
343,20,normal_mean,10000,0.6408272000007855,0.7735175999987405,1.6910740999992413,1.6991753000002063,2.6388925126729457,2.6515342981666876,1.207061123494434,2.1862128282562607,2.196686022403334,1.004790564766481
344,8,uniform_mean,10000,0.639441600000282,0.7747713000026124,1.6938312000020233,1.6837505000003148,2.64892243482638,2.6331575862433287,1.211637309806354,2.186233795697275,2.173222601294908,0.9940485805187103
345,2,linear_combination,10000,0.6371267000031366,0.7783011000028637,1.6716656000025978,1.6405854000004183,2.623756938760168,2.5749751187516416,1.2215797893873102,2.1478391845989258,2.1079057963484593,0.9814076451641218
346,21,discrete_mean,100000,0.6147472000011476,1.091278300002159,1.7133995999975014,1.9379084000029252,2.78716129165664,3.1523663710860457,1.7751659543957612,1.5700849178382008,1.7758150235362429,1.1310311966955935
347,28,normal_mean,10000,0.6389483000020846,0.7814433999992616,1.6666946000004828,1.6963195000025735,2.608496806384875,2.6548619035327885,1.2230150702282363,2.1328410989229134,2.1707515861087012,1.0177746420982476
348,19,linear_combination,100000,0.6572196000015538,1.0896921999992628,1.7334398000020883,1.8895988999975089,2.637535155673979,2.8751408205005475,1.6580336313717463,1.5907609506641058,1.7340666474430002,1.0900862550838122
349,22,discrete_mean,10000,0.636301700000331,0.9172020000005432,1.6727535999998508,1.8534428000020853,2.6288686640299415,2.9128364736431176,1.4414577235925443,1.8237570349812366,2.020757477634139,1.1080190172672475
350,20,discrete_mean,1000000,0.7631891000019095,4.267973000001803,2.5636856999990414,2.8268554999995104,3.35917494103706,3.7040040273012775,5.592287678101173,0.6006799246382202,0.6623414674831158,1.1026529110025334
351,30,discrete_mean,10000,0.6422356000002765,0.778521100000944,1.6075664999989385,1.6817010999984632,2.503079088107614,2.618511181874283,1.2122048357341275,2.064897791462543,2.160122699303107,1.046116039367313
352,19,normal_mean,10000,0.633011500001885,0.7642388000022038,1.6901805000015884,1.6570004999994126,2.670062866151018,2.6176467568037523,1.2073063443553995,2.2115868757209323,2.1681711266094243,0.9803689605919932
353,15,linear_combination,100000,0.633316499999637,1.0900704999985464,1.71399300000121,1.9595321000015247,2.706376669488624,3.094080290032942,1.7212096953090141,1.5723689431128496,1.797619603506505,1.1432556025608864
354,19,discrete_mean,10000,0.6468090000016673,0.7811754000031215,1.7603151000002981,1.6614463999976579,2.7215377336984496,2.568681635526678,1.2077373691477822,2.253418502417337,2.1268544810691927,0.9438346577822212
355,3,uniform_mean,1000000,0.7182530000027327,4.208583600000566,2.9037757999976748,3.154559499998868,4.042831425676783,4.391989312939683,5.859472358604215,0.6899650989461833,0.749553721589003,1.0863646911036982
356,19,linear_combination,1000000,0.7444246000013663,4.178694700000051,2.9221075999994355,3.086375200000475,3.925323800414538,4.145987652738518,5.61332161778692,0.6992871721399986,0.7385979167131874,1.056215452162361
357,6,normal_mean,10000,0.647951800001465,0.7733303000022715,1.6676973000030557,1.6809610999989673,2.5737983905581943,2.5942687403525486,1.1934997325426413,2.1565135880466046,2.1736651208339177,1.007953361797664
358,13,discrete_mean,100000,0.6265462000010302,1.104864599998109,1.7352214999991702,1.93523610000193,2.7695028714503684,3.088736473062558,1.7634207980134462,1.5705286421541065,1.7515595123649017,1.115267474499858
359,28,uniform_mean,100000,0.6428763000003528,1.098197399998753,1.6872565999983635,1.945124499998201,2.6245431663874337,3.0256590575778475,1.708256160630203,1.536387356226011,1.7711975096648467,1.1528326515362795
360,22,linear_combination,10000,0.6440196000003198,0.7730475999996997,1.6728965000002063,1.6766819000004034,2.5975863156950125,2.603464087117179,1.200347939720027,2.164027803722379,2.1689245267704793,1.0022627819474765
361,3,discrete_mean,100000,0.6544360000007146,1.0903637999981584,1.6685097000008682,1.9225796999999147,2.5495383811389445,2.937765801389006,1.6661121943123054,1.5302321115243245,1.7632460835577648,1.1522736127928501
362,17,normal_mean,1000000,0.7209251999993285,4.1646271999998135,3.0078141999983927,3.2228321000002325,4.17215849855324,4.4704112160363305,5.776781280504125,0.7222289188330057,0.7738584860609796,1.0714864302462415
363,14,normal_mean,1000000,0.708855400000175,4.232117900002777,2.971434799997951,3.1307323000000906,4.19187721501059,4.416602173023325,5.970354320502788,0.7021153167769738,0.7397554543549074,1.0536096232036622
364,25,discrete_mean,10000,0.6295488999967347,0.7825607000013406,1.6801102999997966,1.6686530000006314,2.668752657670454,2.6505534359750076,1.2430499044719157,2.1469392725662284,2.13229849134741,0.9931806262962816
365,12,linear_combination,10000,0.613651799998479,0.7838822999983677,1.6943786999981967,1.6680040000028384,2.7611402753196463,2.7181603639180603,1.2774056883729676,2.1615218254088973,2.127875575206012,0.984433999320585
366,18,normal_mean,10000,0.6344935000015539,0.7295586000000185,1.6800312000013946,1.7030453000006673,2.647830434822863,2.684102043593034,1.1498283276317751,2.3028050111414657,2.334350249590128,1.0136986146443314
367,24,discrete_mean,100000,0.6565697000005457,1.1883960000013758,1.7172548999988066,1.9546711000002688,2.6154952018001736,2.977096110281428,1.8100073762167033,1.445019084544898,1.6447977778434173,1.1382533251188436
368,14,discrete_mean,10000,0.6323933000021498,0.7738986000003933,1.6867939999974624,1.6896052000010968,2.667317949117627,2.6717632840122643,1.2237615420621353,2.1796059587090673,2.1832384759453474,1.001666593551814
369,1,normal_mean,100000,0.6256794999972044,1.084990999999718,2.2534499000030337,1.9501267000014195,3.6016041759608592,3.116814119705269,1.7341002861761747,2.0769295782210353,1.797366706269385,0.8653960755900516
370,23,linear_combination,10000,0.6508522000003722,0.7847610999997414,1.657525099999475,1.6699251000027289,2.5466996961806796,2.5657516406978016,1.205743946166722,2.1121397327161366,2.1279407197977562,1.007481033019203
371,21,uniform_mean,10000,0.6378543999999238,0.7782407000013336,1.664174900000944,1.6961957000021357,2.609020020871758,2.6592208190495175,1.2200914503394922,2.138380709204867,2.1795258202240375,1.0192412468191736
372,13,uniform_mean,1000000,0.7287501000027987,4.141406099999585,2.9357935000007274,3.175604000000021,4.028532551816395,4.357603518665487,5.68288923731699,0.7088880996241883,0.7667936742548235,1.0816850708332293
373,23,linear_combination,100000,0.6261106000019936,1.106623400002718,1.7197501999980886,2.006227299996681,2.7467195092889543,3.204269820683906,1.7674567400698764,1.5540519023850976,1.8129268728564327,1.166580646421155
374,9,normal_mean,10000,0.6397964999996475,0.7831829999995534,1.6819127999988268,1.6620399999992514,2.6288246340824832,2.597763507615573,1.2241126670745854,2.1475348673295844,2.122160465689627,0.9881844052797569
375,30,discrete_mean,1000000,0.7611213000018324,4.277440099998785,2.4299823000001197,2.778549300001032,3.1926347350866013,3.6505998452471933,5.619919058878639,0.568092654295921,0.6495822817020445,1.1434442547177792
376,11,normal_mean,1000000,0.7610048999995342,4.164199500002724,2.885260899998684,3.2427463000021817,3.7913828150126894,4.261137214759282,5.471974621983738,0.6928728798888711,0.7787202078094627,1.1239005457023525
377,11,discrete_mean,100000,0.6305216000000655,1.0588544999991427,1.6962594000033278,1.9579427999997279,2.6902478836619577,3.105274743957264,1.679331049085444,1.601975908875772,1.8491141134134228,1.1542708621074622
378,28,normal_mean,100000,0.6163681999969413,1.087063599999965,1.6869987999998557,1.9771957000011753,2.736998436986573,3.2078158802011316,1.7636594490198545,1.5518860166046495,1.818840866349714,1.1720196244368073
379,6,linear_combination,100000,0.6555971000016143,1.0846498999999312,1.7176145000012184,1.919648099999904,2.6199238831242373,2.928091201128219,1.6544458479106459,1.5835658123430678,1.769831998325013,1.1176245309983948
380,25,linear_combination,100000,0.667730399996799,1.0448929000012868,1.7322266000010131,1.93987190000189,2.5942005935469123,2.905172357003949,1.5648424873366495,1.6578030150256355,1.8565270182231128,1.119871903595497
381,21,discrete_mean,10000,0.6105409000010695,0.7826924000000872,1.7102424999975483,1.7913493999985803,2.8011923525427247,2.934036687788553,1.2819655489070694,2.185076155073638,2.2887016661952777,1.0474242103100282
382,18,uniform_mean,100000,0.6432558000014978,1.383791399999609,1.6990542999992613,1.9286666000007244,2.6413353754374307,2.998288705669243,2.1512303503464514,1.2278254511480136,1.3937553015586521,1.135141237099699
383,29,discrete_mean,10000,0.6472719000012148,0.7609677000000374,1.6830874000006588,1.6952459000021918,2.600278800914268,2.6190630243627293,1.175653848094764,2.2117724576228084,2.227750139726178,1.0072239266965746
384,25,discrete_mean,100000,0.6962777999979153,1.7775006999981997,1.7030384999998205,1.9112430999994103,2.44591813785377,2.7449433257891216,2.55286137229066,0.9581084834461924,1.0752418269097426,1.122254781673821
